Material Code;Origin
40000038;Asia
40000040;Asia
40000056;Asia
40000057;Asia
40000295;Asia
40000456;Asia
40004506;Asia
40004507;Asia
40007221;Asia
40014080;Asia
40019531;Asia
40019617;Asia
40021871;Asia
40022034;Asia
40022040;Asia
40022128;Asia
40022129;Asia
40022309;Asia
40022340;Asia
40022425;Asia
40023300;Asia
40026769;Asia
40026783;Asia
40026892;Asia
40026934;Asia
40029246;Asia
40029749;Asia
40031227;Asia
40031819;Asia
40037051;Asia
40037118;Asia
40037127;Asia
40037128;Asia
40037130;Asia
40040543;Asia
40040943;Asia
40043186;Asia
40043526;Asia
40043546;Asia
40044025;Asia
40044555;Asia
40045172;Asia
40045174;Asia
40045181;Asia
40045184;Asia
40045199;Asia
40045219;Asia
40045238;Asia
40045268;Asia
40045325;Asia
40045460;Asia
40045534;Asia
40045596;Asia
40045678;Asia
40045691;Asia
40045779;Asia
40046479;Asia
40046569;Asia
40046586;Asia
40046625;Asia
40046887;Asia
40047633;Asia
40048864;Asia
40049586;Asia
40049595;Asia
40049650;Asia
40049966;Asia
40049988;Asia
40049997;Asia
40050057;Asia
40050116;Asia
40050700;Asia
40050701;Asia
40051234;Asia
40051323;Asia
40051359;Asia
40052383;Asia
40053270;Asia
40053306;Asia
40053327;Asia
40053340;Asia
40053593;Asia
40053594;Asia
40053603;Asia
40053641;Asia
40054533;Asia
40055390;Asia
40055434;Asia
40055517;Asia
40055558;Asia
40055591;Asia
40056423;Asia
40057083;Asia
40057207;Asia
40059138;Asia
40060433;Asia
40060469;Asia
40060478;Asia
40061139;Asia
40061248;Asia
40061273;Asia
40061526;Asia
40061537;Asia
40061893;Asia
40061911;Asia
40061914;Asia
40061923;Asia
40061928;Asia
40061929;Asia
40061944;Asia
40061960;Asia
40061979;Asia
40061984;Asia
40062007;Asia
40062015;Asia
40062016;Asia
40062350;Asia
40062465;Asia
40063071;Asia
40063802;Asia
40063841;Asia
40063862;Asia
40063883;Asia
40063888;Asia
40063890;Asia
40063901;Asia
40063902;Asia
40063910;Asia
40063911;Asia
40063918;Asia
40063930;Asia
40063938;Asia
40063947;Asia
40063948;Asia
40063957;Asia
40063966;Asia
40063967;Asia
40063969;Asia
40063975;Asia
40063977;Asia
40063987;Asia
40063996;Asia
40063997;Asia
40063998;Asia
40064005;Asia
40064006;Asia
40064025;Asia
40064342;Asia
40064376;Asia
40064393;Asia
40064398;Asia
40064403;Asia
40064418;Asia
40064436;Asia
40064496;Asia
40064497;Asia
40064505;Asia
40064515;Asia
40064535;Asia
40065083;Asia
40066855;Asia
40066956;Asia
40067457;Asia
40067458;Asia
40068631;Asia
40068652;Asia
40068664;Asia
40068833;Asia
40068901;Asia
40068920;Asia
40068960;Asia
40068991;Asia
40069000;Asia
40069011;Asia
40069023;Asia
40069068;Asia
40069076;Asia
40069286;Asia
40072028;Asia
40072393;Asia
40072394;Asia
40072423;Asia
40072462;Asia
40072470;Asia
40072472;Asia
40072482;Asia
40072492;Asia
40072500;Asia
40072503;Asia
40072504;Asia
40072507;Asia
40072519;Asia
40072520;Asia
40072528;Asia
40072530;Asia
40072540;Asia
40072541;Asia
40072555;Asia
40072557;Asia
40072567;Asia
40072575;Asia
40072606;Asia
40072607;Asia
40072635;Asia
40073638;Asia
40073867;Asia
40073938;Asia
40074150;Asia
40075586;Asia
40075588;Asia
40075673;Asia
40075714;Asia
40079451;Asia
40079804;Asia
40080970;Asia
40080977;Asia
40082453;Asia
40082487;Asia
40082589;Asia
40082928;Asia
40083014;Asia
40083029;Asia
40083319;Asia
40083385;Asia
40083473;Asia
40083552;Asia
40083911;Asia
40085282;Asia
40085502;Asia
40085750;Asia
40085758;Asia
40085783;Asia
40085971;Asia
40086009;Asia
40086036;Asia
40086052;Asia
40086489;Asia
40087762;Asia
40088760;Asia
40090032;Asia
40090160;Asia
40090266;Asia
40090351;Asia
40090369;Asia
40090445;Asia
40090943;Asia
40091154;Asia
40091409;Asia
40091985;Asia
40092492;Asia
40092643;Asia
40092663;Asia
40092786;Asia
40093035;Asia
40093091;Asia
40093161;Asia
40093180;Asia
40093181;Asia
40093252;Asia
40093267;Asia
40093293;Asia
40093343;Asia
40093386;Asia
40093405;Asia
40093519;Asia
40094014;Asia
40094442;Asia
40094831;Asia
40094962;Asia
40095083;Asia
40095318;Asia
40095347;Asia
40095403;Asia
40095693;Asia
40095711;Asia
40095987;Asia
40097212;Asia
40097329;Asia
40097354;Asia
40097713;Asia
40097780;Asia
40097911;Asia
40100741;Asia
40100750;Asia
40100828;Asia
40101367;Asia
40101529;Asia
40101537;Asia
40101561;Asia
40102507;Asia
40102570;Asia
40102700;Asia
40102801;Asia
40103280;Asia
40104223;Asia
40104558;Asia
40104848;Asia
40105583;Asia
40105622;Asia
40105643;Asia
40105644;Asia
40105693;Asia
40105712;Asia
40106160;Asia
40106240;Asia
40108584;Asia
40109412;Asia
40109880;Asia
40110450;Asia
40110459;Asia
40110517;Asia
40110527;Asia
40110536;Asia
40110546;Asia
40110588;Asia
40110607;Asia
40110752;Asia
40110814;Asia
40110834;Asia
40110853;Asia
40110904;Asia
40110909;Asia
40110978;Asia
40110996;Asia
40111021;Asia
40111076;Asia
40111077;Asia
40112863;Asia
40112903;Asia
40113154;Asia
40113182;Asia
40113261;Asia
40114294;Asia
40114368;Asia
40114383;Asia
40114403;Asia
40114436;Asia
40114561;Asia
40114758;Asia
40114872;Asia
40114922;Asia
40115021;Asia
40115274;Asia
40115903;Asia
40117054;Asia
40117131;Asia
40117132;Asia
40117150;Asia
40117170;Asia
40117171;Asia
40117181;Asia
40117182;Asia
40117183;Asia
40117217;Asia
40117223;Asia
40117236;Asia
40117238;Asia
40117239;Asia
40117255;Asia
40117259;Asia
40117261;Asia
40117262;Asia
40117263;Asia
40117275;Asia
40117277;Asia
40117287;Asia
40117326;Asia
40117893;Asia
40117919;Asia
40117921;Asia
40118090;Asia
40118363;Asia
40118389;Asia
40118437;Asia
40118458;Asia
40118627;Asia
40119334;Asia
40119411;Asia
40119445;Asia
40119474;Asia
40119521;Asia
40119522;Asia
40119550;Asia
40119599;Asia
40119605;Asia
40120120;Asia
40120484;Asia
40122053;Asia
40122536;Asia
40123143;Asia
40123276;Asia
40124126;Asia
40124587;Asia
40124642;Asia
40124721;Asia
40124722;Asia
40124731;Asia
40124749;Asia
40124750;Asia
40124761;Asia
40124764;Asia
40124792;Asia
40124795;Asia
40124814;Asia
40124827;Asia
40124836;Asia
40124964;Asia
40125096;Asia
40125107;Asia
40126324;Asia
40126369;Asia
40126408;Asia
40126574;Asia
40126868;Asia
40127077;Asia
40127105;Asia
40127250;Asia
40127286;Asia
40127618;Asia
40129691;Asia
40129921;Asia
40129982;Asia
40130003;Asia
40130076;Asia
40130090;Asia
40130115;Asia
40130117;Asia
40130177;Asia
40130208;Asia
40130209;Asia
40130215;Asia
40130257;Asia
40130295;Asia
40132033;Asia
40132042;Asia
40132391;Asia
40132486;Asia
40134024;Asia
40134422;Asia
40135095;Asia
40136080;Asia
40136234;Asia
40136243;Asia
40136245;Asia
40137073;Asia
40138174;Asia
40138821;Asia
40138935;Asia
40138937;Asia
40138939;Asia
40139039;Asia
40139050;Asia
40139133;Asia
40139144;Asia
40139145;Asia
40139149;Asia
40139304;Asia
40139310;Asia
40139325;Asia
40139555;Asia
40140097;Asia
40140098;Asia
40140101;Asia
40140102;Asia
40140106;Asia
40140188;Asia
40140192;Asia
40140917;Asia
40140923;Asia
40141048;Asia
40141049;Asia
40141051;Asia
40141052;Asia
40141507;Asia
40141508;Asia
40141512;Asia
40141514;Asia
40141591;Asia
40141594;Asia
40141602;Asia
40141610;Asia
40141619;Asia
40142003;Asia
40142023;Asia
40142410;Asia
40142422;Asia
40142423;Asia
40142424;Asia
40142631;Asia
40142632;Asia
40142640;Asia
40142642;Asia
40142643;Asia
40145260;Asia
40145277;Asia
40145497;Asia
40145802;Asia
40145814;Asia
40145822;Asia
40145825;Asia
40145831;Asia
40145835;Asia
40145836;Asia
40145842;Asia
40145855;Asia
40145857;Asia
40147234;Asia
40147331;Asia
40147363;Asia
40147527;Asia
40147574;Asia
40147615;Asia
40147619;Asia
40147866;Asia
40147924;Asia
40148475;Asia
40148857;Asia
40148889;Asia
40148905;Asia
40149127;Asia
40149438;Asia
40149447;Asia
40149448;Asia
40149458;Asia
40149473;Asia
40149474;Asia
40149610;Asia
40149751;Asia
40149764;Asia
40149829;Asia
40149831;Asia
40149833;Asia
40149848;Asia
40149852;Asia
40149853;Asia
40149855;Asia
40149856;Asia
40149857;Asia
40149871;Asia
40149897;Asia
40150250;Asia
40150740;Asia
40151202;Asia
40151209;Asia
40151211;Asia
40151218;Asia
40151224;Asia
40151227;Asia
40151230;Asia
40151231;Asia
40151235;Asia
40151238;Asia
40151239;Asia
40151245;Asia
40151249;Asia
40151250;Asia
40151256;Asia
40151257;Asia
40151275;Asia
40151294;Asia
40151295;Asia
40151304;Asia
40151305;Asia
40151310;Asia
40151314;Asia
40151316;Asia
40151319;Asia
40151320;Asia
40151322;Asia
40151325;Asia
40151330;Asia
40151331;Asia
40151334;Asia
40151341;Asia
40151342;Asia
40151349;Asia
40151351;Asia
40151363;Asia
40151366;Asia
40151377;Asia
40151385;Asia
40151386;Asia
40151387;Asia
40151388;Asia
40151404;Asia
40151432;Asia
40151433;Asia
40151434;Asia
40151436;Asia
40151445;Asia
40151446;Asia
40151447;Asia
40151457;Asia
40151465;Asia
40151468;Asia
40152078;Asia
40152105;Asia
40152139;Asia
40152147;Asia
40152194;Asia
40152202;Asia
40152495;Asia
40153482;Asia
40154174;Asia
40154190;Asia
40154192;Asia
40154206;Asia
40154235;Asia
40154380;Asia
40154394;Asia
40154406;Asia
40154519;Asia
40154949;Asia
40155161;Asia
40155373;Asia
40155382;Asia
40155536;Asia
40155638;Asia
40155677;Asia
40155697;Asia
40155713;Asia
40155714;Asia
40155718;Asia
40155724;Asia
40155725;Asia
40155729;Asia
40155738;Asia
40155747;Asia
40155753;Asia
40155761;Asia
40155770;Asia
40155773;Asia
40155776;Asia
40155838;Asia
40155839;Asia
40155969;Asia
40156014;Asia
40156041;Asia
40156042;Asia
40156059;Asia
40156137;Asia
40156500;Asia
40156501;Asia
40156580;Asia
40156606;Asia
40156607;Asia
40156696;Asia
40156715;Asia
40156741;Asia
40156742;Asia
40156765;Asia
40156833;Asia
40156960;Asia
40156973;Asia
40156981;Asia
40156992;Asia
40157024;Asia
40157030;Asia
40157031;Asia
40157038;Asia
40157039;Asia
40157050;Asia
40157053;Asia
40157055;Asia
40157061;Asia
40157966;Asia
40157975;Asia
40159231;Asia
40159889;Asia
40159911;Asia
40160113;Asia
40160114;Asia
40160124;Asia
40160132;Asia
40160134;Asia
40160146;Asia
40160147;Asia
40160152;Asia
40160155;Asia
40160248;Asia
40160272;Asia
40160276;Asia
40160277;Asia
40160281;Asia
40160292;Asia
40160294;Asia
40160322;Asia
40160364;Asia
40160380;Asia
40160384;Asia
40160395;Asia
40160400;Asia
40160413;Asia
40160415;Asia
40160422;Asia
40160429;Asia
40160879;Asia
40160880;Asia
40160889;Asia
40160899;Asia
40160905;Asia
40160906;Asia
40160907;Asia
40161044;Asia
40161050;Asia
40161055;Asia
40161056;Asia
40161102;Asia
40161113;Asia
40161126;Asia
40161330;Asia
40161331;Asia
40161337;Asia
40161359;Asia
40161360;Asia
40161386;Asia
40161494;Asia
40161583;Asia
40161587;Asia
40161589;Asia
40161596;Asia
40161598;Asia
40161606;Asia
40161839;Asia
40161859;Asia
40162182;Asia
40162206;Asia
40162220;Asia
40162253;Asia
40162295;Asia
40162553;Asia
40162560;Asia
40162712;Asia
40162728;Asia
40162889;Asia
40163294;Asia
40163304;Asia
40163324;Asia
40163345;Asia
40163553;Asia
40163561;Asia
40163938;Asia
40163965;Asia
40163966;Asia
40164133;Asia
40164147;Asia
40164204;Asia
40164245;Asia
40164562;Asia
40164593;Asia
40164600;Asia
40164844;Asia
40165017;Asia
40165062;Asia
40165063;Asia
40165512;Asia
40165520;Asia
40165522;Asia
40165541;Asia
40165840;Asia
40165850;Asia
40165851;Asia
40165857;Asia
40166377;Asia
40166441;Asia
40167553;Asia
40167581;Asia
40167586;Asia
40168220;Asia
40168227;Asia
40168230;Asia
40168682;Asia
40168685;Asia
40168753;Asia
40168756;Asia
40168765;Asia
40169721;Asia
40170299;Asia
40170314;Asia
40170461;Asia
40170482;Asia
40170526;Asia
40171439;Asia
40171459;Asia
40171967;Asia
40171968;Asia
40172103;Asia
40172121;Asia
40172125;Asia
40172126;Asia
40172128;Asia
40172139;Asia
40172145;Asia
40172727;Asia
40172920;Asia
40172941;Asia
40173243;Asia
40173381;Asia
40173383;Asia
40173390;Asia
40173392;Asia
40173396;Asia
40173406;Asia
40173800;Asia
40173812;Asia
40174005;Asia
40174269;Asia
40174844;Asia
40174856;Asia
40175293;Asia
40175726;Asia
40175836;Asia
40176081;Asia
40176391;Asia
40176415;Asia
40176890;Asia
40176923;Asia
40176931;Asia
40178354;Asia
40178374;Asia
40178407;Asia
40178538;Asia
40178868;Asia
40178877;Asia
40178879;Asia
40179480;Asia
40179481;Asia
40179502;Asia
40179505;Asia
40179506;Asia
40179507;Asia
40179508;Asia
40179509;Asia
40179530;Asia
40179531;Asia
40179533;Asia
40179534;Asia
40179540;Asia
40179541;Asia
40179542;Asia
40179543;Asia
40179544;Asia
40179549;Asia
40179550;Asia
40179551;Asia
40179553;Asia
40179554;Asia
40179557;Asia
40179558;Asia
40179560;Asia
40179561;Asia
40179562;Asia
40179565;Asia
40179567;Asia
40179568;Asia
40179576;Asia
40179585;Asia
40179586;Asia
40179587;Asia
40179588;Asia
40179737;Asia
40179920;Asia
40179998;Asia
40179999;Asia
40180022;Asia
40180032;Asia
40180093;Asia
40180104;Asia
40180113;Asia
40180117;Asia
40180137;Asia
40180307;Asia
40180324;Asia
40180325;Asia
40180490;Asia
40180610;Asia
40180619;Asia
40180626;Asia
40180627;Asia
40180635;Asia
40180638;Asia
40180661;Asia
40180662;Asia
40180663;Asia
40180664;Asia
40180679;Asia
40180681;Asia
40180682;Asia
40180689;Asia
40180690;Asia
40180691;Asia
40180695;Asia
40180696;Asia
40180697;Asia
40180698;Asia
40180727;Asia
40180755;Asia
40180784;Asia
40180793;Asia
40180797;Asia
40180809;Asia
40180811;Asia
40180819;Asia
40180829;Asia
40180830;Asia
40180831;Asia
40180835;Asia
40180839;Asia
40180843;Asia
40180844;Asia
40180847;Asia
40180848;Asia
40180851;Asia
40180854;Asia
40180860;Asia
40180861;Asia
40180862;Asia
40180875;Asia
40180887;Asia
40180970;Asia
40180986;Asia
40180987;Asia
40181062;Asia
40181080;Asia
40181081;Asia
40181082;Asia
40181083;Asia
40181084;Asia
40181087;Asia
40181088;Asia
40181089;Asia
40181090;Asia
40181091;Asia
40181092;Asia
40181095;Asia
40181099;Asia
40181100;Asia
40181101;Asia
40181102;Asia
40181105;Asia
40181110;Asia
40181111;Asia
40181113;Asia
40181114;Asia
40181116;Asia
40181117;Asia
40181125;Asia
40181381;Asia
40181393;Asia
40181402;Asia
40181440;Asia
40181441;Asia
40181442;Asia
40181443;Asia
40181449;Asia
40181460;Asia
40181558;Asia
40181843;Asia
40181866;Asia
40181875;Asia
40182550;Asia
40182759;Asia
40182769;Asia
40182779;Asia
40182790;Asia
40182827;Asia
40182835;Asia
40182931;Asia
40182977;Asia
40182978;Asia
40182979;Asia
40182986;Asia
40182987;Asia
40182997;Asia
40183006;Asia
40183007;Asia
40183224;Asia
40183243;Asia
40183247;Asia
40183253;Asia
40183261;Asia
40183266;Asia
40183290;Asia
40183329;Asia
40183561;Asia
40184403;Asia
40184450;Asia
40184516;Asia
40184522;Asia
40184554;Asia
40184574;Asia
40184595;Asia
40184800;Asia
40184837;Asia
40184846;Asia
40184847;Asia
40184848;Asia
40184902;Asia
40184903;Asia
40185473;Asia
40185484;Asia
40185729;Asia
40185730;Asia
40186166;Asia
40186281;Asia
40186290;Asia
40186299;Asia
40186305;Asia
40186306;Asia
40186307;Asia
40186865;Asia
40187584;Asia
40187599;Asia
40187601;Asia
40187617;Asia
40187625;Asia
40187777;Asia
40188564;Asia
40189333;Asia
40190658;Asia
41801244;Asia
41802465;Asia
41802477;Asia
41802479;Asia
41802577;Asia
41802781;Asia
41802782;Asia
41802928;Asia
41802975;Asia
41802976;Asia
41803007;Asia
41803025;Asia
41803041;Asia
41803043;Asia
41803046;Asia
41803047;Asia
41803048;Asia
41803127;Asia
41803128;Asia
41803152;Asia
41803775;Asia
41804270;Asia
41805129;Asia
41840906;Asia
41840923;Asia
41840953;Asia
41841057;Asia
41841139;Asia
41841209;Asia
41841256;Asia
41842233;Asia
41842386;Asia
41842387;Asia
41842388;Asia
41842918;Asia
41842919;Asia
41842950;Asia
41842990;Asia
40085898;Asia
41840892;Asia
41840986;Asia
41842410;Asia
40021833;Europe
40158184;Europe
40158187;Europe
40158189;Europe
40158192;Europe
40158198;Europe
40158203;Europe
40158207;Europe
40158208;Europe
40158212;Europe
40158213;Europe
40158215;Europe
40158216;Europe
40158221;Europe
40158224;Europe
40158255;Europe
40158421;Europe
40158422;Europe
40161030;Europe
40172282;Europe
40172283;Europe
40172288;Europe
40172289;Europe
40172292;Europe
40172297;Europe
40172300;Europe
40172330;Europe
40172335;Europe
40172336;Europe
40172338;Europe
40174643;Europe
40174644;Europe
40174651;Europe
40174652;Europe
40174655;Europe
40174665;Europe
40174824;Europe
40174831;Europe
40174841;Europe
40174846;Europe
40177842;Europe
40177843;Europe
40177850;Europe
40177851;Europe
40177852;Europe
40177853;Europe
40177854;Europe
40177861;Europe
40177868;Europe
40177869;Europe
40177870;Europe
41800120;Europe
40002080;Local
40002081;Local
40002082;Local
40002083;Local
40006930;Local
40007336;Local
40007439;Local
40034844;Local
40034927;Local
40036041;Local
40036147;Local
40037090;Local
40038470;Local
40041744;Local
40041905;Local
40042562;Local
40042579;Local
40045087;Local
40047085;Local
40052115;Local
40052129;Local
40054336;Local
40054688;Local
40055403;Local
40055706;Local
40060461;Local
40062293;Local
40062316;Local
40063102;Local
40063685;Local
40068871;Local
40068927;Local
40068936;Local
40068974;Local
40070076;Local
40070933;Local
40070973;Local
40070996;Local
40071049;Local
40071412;Local
40071538;Local
40071985;Local
40075946;Local
40076181;Local
40076266;Local
40076277;Local
40077275;Local
40077285;Local
40077295;Local
40078869;Local
40079404;Local
40080664;Local
40080722;Local
40089914;Local
40090027;Local
40090038;Local
40090299;Local
40090399;Local
40090548;Local
40092024;Local
40092051;Local
40092052;Local
40092099;Local
40093295;Local
40093954;Local
40094050;Local
40095534;Local
40095654;Local
40097337;Local
40098388;Local
40099047;Local
40100752;Local
40100888;Local
40102580;Local
40104425;Local
40105440;Local
40105500;Local
40106278;Local
40106528;Local
40106986;Local
40109065;Local
40109604;Local
40109908;Local
40110917;Local
40110935;Local
40112328;Local
40113733;Local
40114464;Local
40117853;Local
40117987;Local
40119463;Local
40119479;Local
40119502;Local
40119511;Local
40119512;Local
40119859;Local
40120549;Local
40121725;Local
40122125;Local
40123786;Local
40124461;Local
40124718;Local
40125645;Local
40126313;Local
40126359;Local
40126407;Local
40126426;Local
40127064;Local
40127181;Local
40128722;Local
40129303;Local
40129542;Local
40129553;Local
40130201;Local
40130264;Local
40130300;Local
40130387;Local
40130444;Local
40131232;Local
40131262;Local
40131387;Local
40133841;Local
40133842;Local
40133882;Local
40134904;Local
40134967;Local
40135281;Local
40135308;Local
40135316;Local
40135317;Local
40135367;Local
40136060;Local
40136409;Local
40136593;Local
40140109;Local
40140122;Local
40140123;Local
40140128;Local
40140129;Local
40140131;Local
40140132;Local
40140133;Local
40140135;Local
40140823;Local
40140925;Local
40141397;Local
40141398;Local
40141399;Local
40141802;Local
40143008;Local
40143009;Local
40143010;Local
40143011;Local
40143012;Local
40143014;Local
40143015;Local
40143062;Local
40143132;Local
40144518;Local
40144754;Local
40144785;Local
40144956;Local
40144968;Local
40144980;Local
40144987;Local
40144997;Local
40144998;Local
40144999;Local
40145007;Local
40145008;Local
40145194;Local
40145204;Local
40145211;Local
40145252;Local
40145253;Local
40145612;Local
40145626;Local
40145639;Local
40145640;Local
40145644;Local
40145646;Local
40145672;Local
40145683;Local
40145684;Local
40145694;Local
40145703;Local
40145705;Local
40145706;Local
40145713;Local
40145718;Local
40145726;Local
40145732;Local
40145734;Local
40145736;Local
40145747;Local
40145753;Local
40145780;Local
40145799;Local
40145808;Local
40145812;Local
40145813;Local
40145815;Local
40145816;Local
40145930;Local
40145983;Local
40145999;Local
40146005;Local
40146255;Local
40146965;Local
40147105;Local
40147184;Local
40147192;Local
40147202;Local
40147206;Local
40147217;Local
40147586;Local
40147610;Local
40147708;Local
40147710;Local
40147723;Local
40147724;Local
40147735;Local
40147785;Local
40148066;Local
40149711;Local
40149712;Local
40149713;Local
40149728;Local
40149730;Local
40149744;Local
40149747;Local
40149749;Local
40149750;Local
40149755;Local
40149758;Local
40149760;Local
40149762;Local
40149770;Local
40149774;Local
40149777;Local
40149778;Local
40149781;Local
40149782;Local
40149800;Local
40149830;Local
40151251;Local
40151264;Local
40151448;Local
40152028;Local
40152035;Local
40152036;Local
40152044;Local
40152045;Local
40152046;Local
40152048;Local
40152054;Local
40152064;Local
40152065;Local
40152068;Local
40152069;Local
40152074;Local
40152076;Local
40152087;Local
40152088;Local
40152093;Local
40152095;Local
40152097;Local
40152099;Local
40152115;Local
40152123;Local
40152124;Local
40152127;Local
40152128;Local
40152129;Local
40152130;Local
40152131;Local
40152135;Local
40152136;Local
40152145;Local
40152150;Local
40152153;Local
40152155;Local
40152156;Local
40152158;Local
40152164;Local
40152167;Local
40152170;Local
40152181;Local
40152188;Local
40152206;Local
40152341;Local
40152373;Local
40152382;Local
40152384;Local
40152414;Local
40152415;Local
40152417;Local
40152423;Local
40152436;Local
40152438;Local
40152439;Local
40152440;Local
40152447;Local
40153024;Local
40153036;Local
40153052;Local
40153108;Local
40153128;Local
40153142;Local
40153147;Local
40153148;Local
40153151;Local
40153155;Local
40153156;Local
40153159;Local
40153186;Local
40153190;Local
40153193;Local
40153196;Local
40153363;Local
40153394;Local
40153415;Local
40153430;Local
40153444;Local
40153446;Local
40153459;Local
40153465;Local
40153488;Local
40153509;Local
40153518;Local
40153519;Local
40153527;Local
40153581;Local
40153587;Local
40153588;Local
40153590;Local
40153596;Local
40153597;Local
40153598;Local
40153640;Local
40153651;Local
40153653;Local
40153654;Local
40153669;Local
40153671;Local
40153676;Local
40153686;Local
40153692;Local
40153697;Local
40153698;Local
40153707;Local
40153710;Local
40153711;Local
40153715;Local
40153721;Local
40153722;Local
40153723;Local
40153724;Local
40153728;Local
40153729;Local
40153730;Local
40153731;Local
40153732;Local
40153737;Local
40153738;Local
40153739;Local
40153796;Local
40153819;Local
40153820;Local
40153821;Local
40153830;Local
40153831;Local
40153832;Local
40153839;Local
40153840;Local
40153845;Local
40154141;Local
40154198;Local
40154514;Local
40155126;Local
40155135;Local
40155314;Local
40155336;Local
40155345;Local
40155519;Local
40155520;Local
40155527;Local
40155535;Local
40155681;Local
40155693;Local
40155936;Local
40155964;Local
40155975;Local
40155976;Local
40155985;Local
40155993;Local
40156015;Local
40156050;Local
40156051;Local
40156066;Local
40156072;Local
40156270;Local
40156328;Local
40156361;Local
40156363;Local
40156374;Local
40156381;Local
40156386;Local
40156387;Local
40156390;Local
40156395;Local
40156402;Local
40156451;Local
40156456;Local
40156470;Local
40156477;Local
40156493;Local
40156510;Local
40156522;Local
40156554;Local
40156564;Local
40156585;Local
40156595;Local
40156660;Local
40156671;Local
40156677;Local
40156680;Local
40156683;Local
40156686;Local
40156689;Local
40156693;Local
40156697;Local
40156708;Local
40156725;Local
40156731;Local
40156732;Local
40156739;Local
40156749;Local
40156750;Local
40156751;Local
40156753;Local
40157033;Local
40157041;Local
40157042;Local
40157043;Local
40157054;Local
40157063;Local
40157249;Local
40157269;Local
40157280;Local
40157341;Local
40157932;Local
40157943;Local
40157958;Local
40157959;Local
40159543;Local
40159554;Local
40159558;Local
40159941;Local
40160398;Local
40160416;Local
40161051;Local
40161756;Local
40161840;Local
40161851;Local
40162207;Local
40162221;Local
40162227;Local
40162261;Local
40162262;Local
40162264;Local
40162269;Local
40162278;Local
40162282;Local
40162285;Local
40162286;Local
40162287;Local
40162288;Local
40162298;Local
40162299;Local
40162305;Local
40162840;Local
40162895;Local
40162896;Local
40163360;Local
40163369;Local
40163370;Local
40164046;Local
40164056;Local
40164090;Local
40164092;Local
40164094;Local
40164101;Local
40164109;Local
40164125;Local
40164126;Local
40164129;Local
40164136;Local
40164137;Local
40164274;Local
40164315;Local
40164346;Local
40164712;Local
40164724;Local
40164732;Local
40164745;Local
40164746;Local
40164752;Local
40164753;Local
40164992;Local
40165357;Local
40165372;Local
40165529;Local
40165864;Local
40165885;Local
40166326;Local
40166522;Local
40166523;Local
40166524;Local
40166531;Local
40166543;Local
40166544;Local
40166547;Local
40166548;Local
40166594;Local
40166636;Local
40167141;Local
40167144;Local
40167146;Local
40167156;Local
40167159;Local
40167163;Local
40167164;Local
40167165;Local
40167168;Local
40167170;Local
40167172;Local
40167175;Local
40167176;Local
40167177;Local
40167179;Local
40167186;Local
40167194;Local
40167200;Local
40167201;Local
40167215;Local
40167233;Local
40167234;Local
40167247;Local
40167255;Local
40167256;Local
40167257;Local
40167259;Local
40167265;Local
40167912;Local
40167927;Local
40168108;Local
40168704;Local
40168739;Local
40168755;Local
40170086;Local
40170181;Local
40170187;Local
40170272;Local
40170334;Local
40170358;Local
40170359;Local
40170360;Local
40170361;Local
40170362;Local
40170368;Local
40170376;Local
40170385;Local
40171794;Local
40171828;Local
40171829;Local
40171841;Local
40171842;Local
40171843;Local
40171861;Local
40171863;Local
40171871;Local
40171877;Local
40171924;Local
40171949;Local
40171951;Local
40171953;Local
40171990;Local
40171991;Local
40172004;Local
40172011;Local
40172012;Local
40172019;Local
40172023;Local
40172024;Local
40172026;Local
40172027;Local
40172028;Local
40172029;Local
40172039;Local
40172052;Local
40172056;Local
40172062;Local
40172063;Local
40172072;Local
40172074;Local
40172079;Local
40172083;Local
40172084;Local
40172087;Local
40172089;Local
40172091;Local
40172097;Local
40172098;Local
40172105;Local
40172108;Local
40172135;Local
40172903;Local
40172918;Local
40172922;Local
40172935;Local
40172938;Local
40173242;Local
40173247;Local
40173248;Local
40173250;Local
40173257;Local
40173435;Local
40173615;Local
40174276;Local
40174280;Local
40174830;Local
40174840;Local
40174962;Local
40174986;Local
40175114;Local
40175130;Local
40175136;Local
40175224;Local
40175238;Local
40175239;Local
40175360;Local
40175362;Local
40175368;Local
40175371;Local
40175377;Local
40175486;Local
40175704;Local
40175730;Local
40175737;Local
40175741;Local
40175747;Local
40175757;Local
40175762;Local
40175768;Local
40175769;Local
40175776;Local
40175787;Local
40175811;Local
40175814;Local
40175835;Local
40176898;Local
40178071;Local
40178089;Local
40178090;Local
40178116;Local
40178120;Local
40178143;Local
40178151;Local
40178158;Local
40178234;Local
40178240;Local
40178241;Local
40178247;Local
40178248;Local
40178250;Local
40178252;Local
40178253;Local
40178254;Local
40178256;Local
40178266;Local
40178267;Local
40178270;Local
40178275;Local
40178277;Local
40178288;Local
40178303;Local
40178314;Local
40178322;Local
40178325;Local
40178326;Local
40178328;Local
40178329;Local
40178336;Local
40178346;Local
40178347;Local
40178406;Local
40178415;Local
40178543;Local
40178549;Local
40178553;Local
40178557;Local
40178560;Local
40178566;Local
40178568;Local
40178575;Local
40178883;Local
40179492;Local
40180804;Local
40180818;Local
40180832;Local
40180850;Local
40180884;Local
40180917;Local
40180918;Local
40180919;Local
40180969;Local
40180975;Local
40181180;Local
40181232;Local
40181236;Local
40181340;Local
40181368;Local
40181840;Local
40181934;Local
40181950;Local
40181954;Local
40181962;Local
40181972;Local
40181977;Local
40181978;Local
40181980;Local
40181985;Local
40181986;Local
40181987;Local
40182184;Local
40182200;Local
40182201;Local
40182202;Local
40182203;Local
40182208;Local
40182209;Local
40182223;Local
40182257;Local
40182932;Local
40182947;Local
40183021;Local
40183244;Local
40183265;Local
40183291;Local
40183296;Local
40183505;Local
40184016;Local
40184428;Local
40184823;Local
40184824;Local
40184829;Local
40184830;Local
40184845;Local
40185321;Local
40185670;Local
40186625;Local
40188918;Local
40189114;Local
41801036;Local
41802974;Local
41802991;Local
41802997;Local
41803013;Local
41803121;Local
41803155;Local
41803232;Local
41803233;Local
41803771;Local
41803773;Local
41803774;Local
41803776;Local
41803777;Local
41803995;Local
41806921;Local
41822868;Local
41840988;Local
41841097;Local
41841134;Local
41841135;Local
41841166;Local
41841213;Local
41842444;Local
41842448;Local
41842451;Local
41842466;Local
41842467;Local
41842468;Local
41842887;Local
41842991;Local
40061929;Local
40085883;Local
40145708;Local
40145716;Local
41840882;Local
41840883;Local
41840897;Local
41841027;Local
